{
  "DFTB0 n=2.0": {
    "control": {
      "tag": "3A_dftb_n2.0_control",
      "n_total": 10,
      "n_converged": 7,
      "conv_rate": 0.7,
      "n_strict": 7,
      "n_relaxed": 0,
      "mean_steps": 2062.0,
      "force_conv_median": 0.06407345831394196,
      "force_conv_min": 0.020978737622499466,
      "force_conv_max": 0.19257095456123352,
      "force_conv_p5": 0.021694029122591017,
      "force_conv_p95": 0.16965152323245997,
      "force_all_median": 0.04615996591746807,
      "force_all_min": 0.019929762929677963,
      "eval_conv_median": 1.4759014402123364e-05,
      "eval_conv_min": 1.4933157630127318e-06,
      "nneg_conv_median": 0.0,
      "nneg_conv_max": 0
    },
    "treatment": null
  },
  "DFTB0 n=1.0": {
    "control": {
      "tag": "3A_dftb_n1.0_control",
      "n_total": 10,
      "n_converged": 10,
      "conv_rate": 1.0,
      "n_strict": 10,
      "n_relaxed": 0,
      "mean_steps": 1314.5,
      "force_conv_median": 0.10225461423397064,
      "force_conv_min": 0.017281824722886086,
      "force_conv_max": 0.9703693389892578,
      "force_conv_p5": 0.03218893809244037,
      "force_conv_p95": 0.6097873143851749,
      "force_all_median": 0.10225461423397064,
      "force_all_min": 0.017281824722886086,
      "eval_conv_median": 0.00026660162028946285,
      "eval_conv_min": 2.3120787026251218e-07,
      "nneg_conv_median": 0.0,
      "nneg_conv_max": 0
    },
    "treatment": null
  },
  "LJ n=2.0": {
    "control": {
      "tag": "3B_lj_n2.0_control",
      "n_total": 50,
      "n_converged": 50,
      "conv_rate": 1.0,
      "n_strict": 6,
      "n_relaxed": 44,
      "mean_steps": 3871.78,
      "force_conv_median": 9.495970152784139e-05,
      "force_conv_min": 1.4660392480436713e-05,
      "force_conv_max": 0.008390126749873161,
      "force_conv_p5": 3.9999414912017525e-05,
      "force_conv_p95": 0.006144401803612708,
      "force_all_median": 9.495970152784139e-05,
      "force_all_min": 1.4660392480436713e-05,
      "eval_conv_median": -3.562305633794353e-05,
      "eval_conv_min": -0.0011489026140745686,
      "nneg_conv_median": 5.0,
      "nneg_conv_max": 13
    },
    "treatment": {
      "tag": "3B_lj_n2.0_forcegate",
      "n_total": 50,
      "n_converged": 49,
      "conv_rate": 0.98,
      "n_strict": 5,
      "n_relaxed": 44,
      "mean_steps": 3781.0204081632655,
      "force_conv_median": 9.208238043356687e-05,
      "force_conv_min": 1.4660392480436713e-05,
      "force_conv_max": 9.997792221838608e-05,
      "force_conv_p5": 3.999363761977293e-05,
      "force_conv_p95": 9.946643258444965e-05,
      "force_all_median": 9.216491162078455e-05,
      "force_all_min": 1.4660392480436713e-05,
      "eval_conv_median": -4.4376912539486436e-05,
      "eval_conv_min": -0.0011489026140745686,
      "nneg_conv_median": 5.0,
      "nneg_conv_max": 13
    }
  },
  "LJ n=1.0": {
    "control": {
      "tag": "3B_lj_n1.0_control",
      "n_total": 48,
      "n_converged": 47,
      "conv_rate": 0.9791666666666666,
      "n_strict": 33,
      "n_relaxed": 14,
      "mean_steps": 3466.6170212765956,
      "force_conv_median": 0.004476435016840696,
      "force_conv_min": 7.224859291454777e-05,
      "force_conv_max": 0.012300482019782066,
      "force_conv_p5": 8.86071939021349e-05,
      "force_conv_p95": 0.009193594381213187,
      "force_all_median": 0.004297846695408225,
      "force_all_min": 7.224859291454777e-05,
      "eval_conv_median": 0.0001229315690568422,
      "eval_conv_min": -0.0001334678751331004,
      "nneg_conv_median": 0.0,
      "nneg_conv_max": 6
    },
    "treatment": {
      "tag": "3B_lj_n1.0_forcegate",
      "n_total": 48,
      "n_converged": 46,
      "conv_rate": 0.9583333333333334,
      "n_strict": 32,
      "n_relaxed": 14,
      "mean_steps": 3833.6304347826085,
      "force_conv_median": 8.656694990349934e-05,
      "force_conv_min": 5.2129034884274006e-05,
      "force_conv_max": 9.992300329031423e-05,
      "force_conv_p5": 5.901293025090126e-05,
      "force_conv_p95": 9.955728273780551e-05,
      "force_all_median": 8.724003055249341e-05,
      "force_all_min": 5.2129034884274006e-05,
      "eval_conv_median": 0.0023348826382183613,
      "eval_conv_min": -0.0001334678751331004,
      "nneg_conv_median": 0.0,
      "nneg_conv_max": 6
    }
  },
  "LJ n=2.0 fc=1e-5": {
    "control": {
      "tag": "3B_lj_n2.0_control",
      "n_total": 50,
      "n_converged": 50,
      "conv_rate": 1.0,
      "n_strict": 6,
      "n_relaxed": 44,
      "mean_steps": 3871.78,
      "force_conv_median": 9.495970152784139e-05,
      "force_conv_min": 1.4660392480436713e-05,
      "force_conv_max": 0.008390126749873161,
      "force_conv_p5": 3.9999414912017525e-05,
      "force_conv_p95": 0.006144401803612708,
      "force_all_median": 9.495970152784139e-05,
      "force_all_min": 1.4660392480436713e-05,
      "eval_conv_median": -3.562305633794353e-05,
      "eval_conv_min": -0.0011489026140745686,
      "nneg_conv_median": 5.0,
      "nneg_conv_max": 13
    },
    "treatment": {
      "tag": "3C_lj_n2.0_fc1e-5",
      "n_total": 50,
      "n_converged": 25,
      "conv_rate": 0.5,
      "n_strict": 23,
      "n_relaxed": 2,
      "mean_steps": 18387.28,
      "force_conv_median": 0.005570902489125729,
      "force_conv_min": 9.354839676234405e-06,
      "force_conv_max": 0.018790844827890396,
      "force_conv_p5": 0.0005089731006592051,
      "force_conv_p95": 0.012365068681538095,
      "force_all_median": 0.001133015553932637,
      "force_all_min": 9.354839676234405e-06,
      "eval_conv_median": 0.00014627810128788022,
      "eval_conv_min": -1.641127988984844e-05,
      "nneg_conv_median": 0.0,
      "nneg_conv_max": 6
    }
  },
  "LJ n=2.0 fc=1e-6": {
    "control": {
      "tag": "3B_lj_n2.0_control",
      "n_total": 50,
      "n_converged": 50,
      "conv_rate": 1.0,
      "n_strict": 6,
      "n_relaxed": 44,
      "mean_steps": 3871.78,
      "force_conv_median": 9.495970152784139e-05,
      "force_conv_min": 1.4660392480436713e-05,
      "force_conv_max": 0.008390126749873161,
      "force_conv_p5": 3.9999414912017525e-05,
      "force_conv_p95": 0.006144401803612708,
      "force_all_median": 9.495970152784139e-05,
      "force_all_min": 1.4660392480436713e-05,
      "eval_conv_median": -3.562305633794353e-05,
      "eval_conv_min": -0.0011489026140745686,
      "nneg_conv_median": 5.0,
      "nneg_conv_max": 13
    },
    "treatment": {
      "tag": "3C_lj_n2.0_fc1e-6",
      "n_total": 50,
      "n_converged": 24,
      "conv_rate": 0.48,
      "n_strict": 24,
      "n_relaxed": 0,
      "mean_steps": 19268.083333333332,
      "force_conv_median": 0.005611318163573742,
      "force_conv_min": 0.002506409538909793,
      "force_conv_max": 0.018790844827890396,
      "force_conv_p5": 0.0028591203386895358,
      "force_conv_p95": 0.012552255811169736,
      "force_all_median": 0.0015500393928959966,
      "force_all_min": 4.223347787046805e-05,
      "eval_conv_median": 0.00015057870195939448,
      "eval_conv_min": 3.7585828889285544e-06,
      "nneg_conv_median": 0.0,
      "nneg_conv_max": 0
    }
  }
}