{
  "lj_n0.5": {
    "n": 82,
    "n_both": 0,
    "n_force_only": 2,
    "n_nneg_only": 78,
    "force_at_nneg0_stats": {
      "vals": [
        0.006250303238630295,
        0.004688954912126064,
        0.007093729916960001,
        0.0047758156433701515,
        0.006339262239634991,
        0.0060597676783800125,
        0.0045127044431865215,
        0.007172136101871729,
        0.0033905592281371355,
        0.0040833475068211555,
        0.005184702575206757,
        0.007171513978391886,
        0.004573657177388668,
        0.004709302447736263,
        0.003559171687811613,
        0.004575497470796108,
        0.006977562326937914,
        0.005142234731465578,
        0.005050653126090765,
        0.004758833907544613,
        0.007335730362683535,
        0.005742142908275127,
        0.0033459486439824104,
        0.003426436334848404,
        0.009034406393766403,
        0.003923427313566208,
        0.0032574785873293877,
        0.003258534474298358,
        0.004463999066501856,
        0.00482920091599226,
        0.006266392767429352,
        0.01183807197958231,
        0.005210427101701498,
        0.00565212219953537,
        0.005641337018460035,
        0.00516330124810338,
        0.007572488859295845,
        0.0029861286748200655,
        0.009342231787741184,
        0.0058575645089149475,
        0.0037953495047986507,
        0.004343122709542513,
        0.004672772716730833,
        0.005682521965354681,
        0.005200900603085756,
        0.006254569161683321,
        0.00937954243272543,
        0.00663211802020669,
        0.006942232139408588,
        0.0029697681311517954,
        0.003315456211566925,
        0.008297689259052277,
        0.003769254544749856,
        0.009270437993109226,
        0.0030678140465170145,
        0.008597004227340221,
        0.004428382497280836,
        0.005177854094654322,
        0.005017564166337252,
        0.010107288137078285,
        0.00877729244530201,
        0.004317076876759529,
        0.00407483009621501,
        0.011919785290956497,
        0.004315369296818972,
        0.005353674292564392,
        0.0035337472800165415,
        0.005079510621726513,
        0.005694383289664984,
        0.0032358551397919655,
        0.006849435158073902,
        0.003967330325394869,
        0.006720319390296936,
        0.007655848283320665,
        0.0034394385293126106,
        0.0029543573036789894,
        0.0036825963761657476,
        0.005700747482478619
      ]
    }
  },
  "lj_n1.0": {
    "n": 86,
    "n_both": 0,
    "n_force_only": 23,
    "n_nneg_only": 57,
    "force_at_nneg0_stats": {
      "vals": [
        0.002867134753614664,
        0.006534559186547995,
        0.006628441158682108,
        0.003146398114040494,
        0.005186497233808041,
        0.012300482019782066,
        0.007836305536329746,
        0.006249282043427229,
        0.006189392413944006,
        0.0037038817536085844,
        0.003567360807210207,
        0.004119258373975754,
        0.006075571291148663,
        0.005939088761806488,
        0.01226234994828701,
        0.0040796417742967606,
        0.003986633848398924,
        0.006984620820730925,
        0.001690046745352447,
        0.009250611998140812,
        0.004476435016840696,
        0.006424726452678442,
        0.006591263692826033,
        0.0024361179675906897,
        0.004590694792568684,
        0.006261196918785572,
        0.005383867304772139,
        0.0058585177175700665,
        0.006563123781234026,
        0.004718273412436247,
        0.009060553275048733,
        0.006387251429259777,
        0.0063430313020944595,
        0.0014907601289451122,
        0.0033399411477148533,
        0.0044969916343688965,
        0.007174225058406591,
        0.004316883161664009,
        0.005508311092853546,
        0.006078973412513733,
        0.006304832175374031,
        0.004850228317081928,
        0.004621348809450865,
        0.004476227331906557,
        0.00813245214521885,
        0.006953732576221228,
        0.0030687926337122917,
        0.011794116348028183,
        0.004138438496738672,
        0.00558549864217639,
        0.00858059898018837,
        0.005230815149843693,
        0.003730586264282465,
        0.005755767226219177,
        0.006045715417712927,
        0.00923172291368246,
        0.00754996994510293
      ]
    }
  },
  "lj_n1.5": {
    "n": 83,
    "n_both": 0,
    "n_force_only": 52,
    "n_nneg_only": 28,
    "force_at_nneg0_stats": {
      "vals": [
        0.006729632616043091,
        0.004079440142959356,
        0.004475411493331194,
        0.009063438512384892,
        0.012325117364525795,
        0.002842094050720334,
        0.0020441068336367607,
        0.003161399159580469,
        0.0019805924966931343,
        0.006063416600227356,
        0.003110285848379135,
        0.003461639629676938,
        0.006464703008532524,
        0.003443066030740738,
        0.007521211635321379,
        0.005343548487871885,
        0.006171894259750843,
        0.00882983859628439,
        0.0076700239442288876,
        0.005958710331469774,
        0.0068935826420784,
        0.007670636288821697,
        0.006142751779407263,
        0.0048436750657856464,
        0.007115865126252174,
        0.005043912213295698,
        0.00715235061943531,
        0.0023974382784217596
      ]
    }
  },
  "lj_n2.0": {
    "n": 81,
    "n_both": 0,
    "n_force_only": 73,
    "n_nneg_only": 7,
    "force_at_nneg0_stats": {
      "vals": [
        0.006191262509673834,
        0.0028356038965284824,
        0.006087127607315779,
        0.006829311139881611,
        0.008390126749873161,
        0.002992380177602172,
        0.006881104316562414
      ]
    }
  },
  "dftb_n0.5": {
    "n": 83,
    "n_both": 0,
    "n_force_only": 0,
    "n_nneg_only": 80,